<?xml version="1.0" encoding="UTF-8"?>
<project-private xmlns="http://www.netbeans.org/ns/project-private/1">
    <open-files xmlns="http://www.netbeans.org/ns/projectui-open-files/2">
        <group>
            <file>file:/E:/it-039/AJT_LAB_6/web/index.html</file>
            <file>file:/E:/it-039/AJT_LAB_6/src/java/LAB_6/WelcomeServlet.java</file>
            <file>file:/E:/it-039/AJT_LAB_6/src/java/LAB_6/LoginServlet.java</file>
        </group>
    </open-files>
</project-private>
